{
    "name": "CS_MAS",
    "description": "Manager Assist Specialist",
    "defaultTablePermission": "RIU",
    "defaultViewPermission": "RIU",
    "defaultFunctionPermission": "X",
    "globals": [],
    "apiVisibility": {
        "table": {
            "isRestricted": true,
            "restrictedTo": []
        },
        "view": {
            "isRestricted": false,
            "restrictedTo": null
        },
        "resource": {
            "isRestricted": false,
            "restrictedTo": null
        },
        "procedure": {
            "isRestricted": false,
            "restrictedTo": null
        },
        "metatable": {
            "isRestricted": false,
            "restrictedTo": null
        },
        "function": {
            "isRestricted": false,
            "restrictedTo": null
        }
    },
    "entityPermission": {},
    "functionPermission": {}
}