{
    "name": "Read only",
    "description": "Read-only access to everything in this project",
    "defaultTablePermission": "R",
    "defaultViewPermission": "R",
    "defaultFunctionPermission": "X",
    "globals": [],
    "apiVisibility": {
        "table": {
            "isRestricted": false,
            "restrictedTo": null
        },
        "view": {
            "isRestricted": false,
            "restrictedTo": null
        },
        "resource": {
            "isRestricted": false,
            "restrictedTo": null
        },
        "procedure": {
            "isRestricted": false,
            "restrictedTo": null
        },
        "metatable": {
            "isRestricted": false,
            "restrictedTo": null
        },
        "function": {
            "isRestricted": false,
            "restrictedTo": null
        }
    },
    "entityPermission": {},
    "functionPermission": {}
}